[ 
    { 
        "question": "Did Manoj got job?",  
        "options":{
            "option1": "Yes",
            "option2": "No",
            "option3": "May be",
            "option4": "May not be" 
                 },     
        "solution": "Yes",
        "userChoice": false
    },
    { 
        "question": "Did Sumith got job?",  
        "options":{
            "option1": "Yes",
            "option2": "No",
            "option3": "May be",
            "option4": "May not be" 
                 },     
        "solution": "Yes",
        "userChoice": false
    },
    { 
        "question": "Did Amith got job?",  
        "options":{
            "option1": "Yes",
            "option2": "No",
            "option3": "May be",
            "option4": "May not be" 
                 },     
        "solution": "Yes",
        "userChoice": false
    },
    { 
        "question": "Did Jain got job?",  
        "options":{
            "option1": "Yes",
            "option2": "No",
            "option3": "May be",
            "option4": "May not be" 
                 },     
        "solution": "Yes",
        "userChoice": false
    },
    { 
        "question": "Did harsha got job?",  
        "options":{
            "option1": "Yes",
            "option2": "No",
            "option3": "May be",
            "option4": "May not be" 
                 },     
        "solution": "Yes",
        "userChoice": false
    },
    { 
        "question": "Did sudheer got job?",  
        "options":{
            "option1": "Yes",
            "option2": "No",
            "option3": "May be",
            "option4": "May not be" 
                 },     
        "solution": "No",
        "userChoice": false
    }
]